{"cameraMode":{"drawMode":0,"name":"Shaded","section":"Shading Mode"},"sceneLighting":true,"audioPlay":false,"sceneViewState":{"m_AlwaysRefresh":false,"showFog":true,"showSkybox":true,"showFlares":true,"showImageEffects":true,"showParticleSystems":true,"showVisualEffectGraphs":true,"m_FxEnabled":true},"in2DMode":false,"pivot":{"x":322.31158447265627,"y":335.1568298339844,"z":27.37605857849121},"rotation":{"x":-0.0014687989605590702,"y":-0.9936949610710144,"z":-0.013108165003359318,"w":0.11136586964130402},"size":129.60617065429688,"orthographic":false}