{"cameraMode":{"drawMode":0,"name":"Shaded","section":"Shading Mode"},"sceneLighting":false,"audioPlay":false,"sceneViewState":{"m_AlwaysRefresh":false,"showFog":true,"showSkybox":false,"showFlares":true,"showImageEffects":true,"showParticleSystems":true,"showVisualEffectGraphs":true,"m_FxEnabled":true},"in2DMode":false,"pivot":{"x":16.889387130737306,"y":1.6228957176208497,"z":0.009957432746887207},"rotation":{"x":-0.0976446345448494,"y":-0.017624327912926675,"z":0.0018467775080353022,"w":-0.9951311349868774},"size":6.369148254394531,"orthographic":false}